<?xml version="1.0" encoding="UTF-8"?>
<beans xmlns="http://www.springframework.org/schema/beans"
       xmlns:xsi="http://www.w3.org/2001/XMLSchema-instance"
       xmlns:context="http://www.springframework.org/schema/context"
       xsi:schemaLocation="http://www.springframework.org/schema/beans 
           http://www.springframework.org/schema/beans/spring-beans-3.0.xsd
           http://www.springframework.org/schema/context
           http://www.springframework.org/schema/context/spring-context-3.0.xsd">
               
     <context:component-scan base-package="com.vinod"/>
     
     <!-- Configure to plugin JSON as request and response in method handler -->
	<bean
		class="org.springframework.web.servlet.mvc.method.annotation.RequestMappingHandlerAdapter">
		<property name="messageConverters">
			<list>
				<ref bean="jsonMessageConverter" />
			</list>
		</property>
	</bean>

	<!-- Configure bean to convert JSON to POJO and vice versa -->
	<bean id="jsonMessageConverter"
		class="org.springframework.http.converter.json.MappingJackson2HttpMessageConverter" />
     
</beans>